0,CombatZoneResize,133,251,508,391,TLResume
0,HeartTeleport,320,376,,,
0,HeartMode,1,,,,
0.2,BoneStab,$Direction,25,0.3,0.2,
0.2,BoneStab,$Direction,29,0.4,0,
0,BoneVRepeat,$X,270,50,2,900,3,15,
0.2,BoneStab,$Direction,25,0.3,0.2,
0,BoneVRepeat,$X,270,50,2,900,3,15,
0.2,BoneStab,$Direction,29,0.4,0,,,,
0,BoneVRepeat,$X,270,50,2,900,3,15,
0.2,BoneStab,$Direction,25,0.3,0.2,
0,BoneVRepeat,$X,270,50,2,900,3,15,
0.2,BoneStab,$Direction,29,0.4,0,,,,
0,BoneVRepeat,$X,270,50,2,900,3,15,
0.2,BoneStab,$Direction,25,0.3,0.2,
0,TLPause,,,,,
0.3,EndAttack,,,,,
